team_id, league_id, result
73,QIIA,1
72,QIIA,2
82,QIIA,3
70,QIIA,4
67,QIIA,5
71,QIIA,6
70,MDLDPM,1
60,MDLDPM,2
65,MDLDPM,3
78,MDLDPM,4
69,MDLDPM,5
56,MDLDPM,6
55,MDLDPM,7
62,MDLDPM,8
81,MDLDPM,9
68,MDLDPM,10
74,MDLDPM,11
73,MDLDPM,12
73,MDLDPM,13
80,MDLDPM,14
77,MDLDPM,15
77,MDLDPM,16
60,DL10,1
83,DL10,2
81,DL10,3
66,DL10,4
85,DL10,5
69,DL10,6
72,DL10,7
81,DL10,8
64,KLM,1
64,KLM,2
57,KLM,3
70,KLM,4
62,KLM,5
56,KLM,6
75,KLM,7
62,KLM,8
66,KLM,9
78,KLM,10
56,KLM,11
79,KLM,12
84,KLM,13
73,KLM,14
62,KLM,15
70,KLM,16
81,DL11,1
53,DL11,2
64,DL11,3
63,DL11,4
80,DL11,5
75,DL11,6
67,DL11,7
55,DL11,8
57,DL11,9
67,DL11,10
67,DL11,11
65,DL11,12
69,DL11,13
59,DL11,14
70,DL11,15
77,DL11,16
69,GGBBI,1
55,GGBBI,2
82,GGBBI,3
59,GGBBI,4
81,GGBBI,5
85,GGBBI,6
58,GGBBI,7
69,GGBBI,8
79,TI18,1
85,TI18,2
62,TI18,3
64,TI18,4
57,TI18,5
70,TI18,6
57,TI18,7
68,TI18,8
75,TI18,9
85,TI18,10
55,TI18,11
72,TI18,12
69,TI18,13
58,TI18,14
79,TI18,15
81,TI18,16
74,TI18,17
59,TI18,18
99,OWL19,1
88,OWL19,2
100,OWL19,3
98,OWL19,4
98,OWL19,5
100,OWL19,6
90,OWL19,7
95,OWL19,8
101,OWL19,9
100,OWL19,10
92,OWL19,11
97,OWL19,12
101,OWL19,13
96,OWL19,14
91,OWL19,15
100,OWL19,16
95,OWL19,17
103,OWL19,18
96,OWL19,19
101,OWL19,20
97,DHTOURSOW,1
103,DHTOURSOW,2
99,DHTOURSOW,3
100,DHTOURSOW,4
99,DHTOURSOW,5
91,DHTOURSOW,6
90,DHTOURSOW,7
101,DHTOURSOW,8
102,DHTOURSOW,9
99,DHTOURSOW,10
91,DHTOURSOW,11
101,DHTOURSOW,12
87,DHTOURSOW,13
96,DHTOURSOW,14
98,DHTOURSOW,15
90,DHTOURSOW,16
52,PEU,1
44,PEU,2
43,PEU,3
44,PEU,4
52,PEU,5
48,PEU,6
43,PEU,7
45,PEU,8
39,PEU,9
41,PEU,10
41,PEU,11
48,PEU,12
52,PEU,13
47,PEU,14
45,PEU,15
42,PEU,16
46,NPL,1
47,NPL,2
44,NPL,3
49,NPL,4
52,NPL,5
52,NPL,6
44,NPL,7
41,NPL,8
49,NPL,9
52,NPL,10
45,NPL,11
46,NPL,12
47,NPL,13
42,NPL,14
40,NPL,15
50,NPL,16
51,NPLC,1
42,NPLC,2
52,NPLC,3
42,NPLC,4
45,NPLC,5
49,NPLC,6
44,NPLC,7
41,NPLC,8
49,NPLC,9
43,NPLC,10
49,NPLC,11
46,NPLC,12
45,NPLC,13
48,NPLC,14
39,NPLC,15
52,NPLC,16
51,PKL,1
50,PKL,2
41,PKL,3
49,PKL,4
48,PKL,5
42,PKL,6
48,PKL,7
50,PKL,8
51,PKL,9
42,PKL,10
48,PKL,11
48,PKL,12
43,PKL,13
47,PKL,14
46,PKL,15
51,PKL,16
43,PKL,17
50,PKL,18
40,PKL,19
44,PKL,20
44,PKL,21
48,PKL,22
39,PKL,23
40,PKL,24
9,CMS,1
9,CMS,2
14,CMS,3
26,CMS,4
10,CMS,5
11,CMS,6
8,CMS,7
19,CMS,8
23,CMS,9
6,CMS,10
10,CMS,11
26,CMS,12
8,CMS,13
17,CMS,14
7,CMS,15
15,CMS,16
3,CMS,17
25,CMS,18
14,CMS,19
26,CMS,20
14,CMS,21
28,CMS,22
17,CMS,23
5,CMS,24
15,CMS,25
8,CMS,26
11,CMS,27
1,CMS,28
18,CMS,29
26,CMS,30
24,CMS,31
28,CMS,32
6,KSLS1,1
1,KSLS1,2
13,KSLS1,3
8,KSLS1,4
17,KSLS1,5
8,KSLS1,6
20,KSLS1,7
16,KSLS1,8
3,KSLS1,9
18,KSLS1,10
23,KSLS1,11
16,KSLS1,12
17,KSLS1,13
7,KSLS1,14
14,KSLS1,15
8,KSLS1,16
15,KSLS2,1
19,KSLS2,2
23,KSLS2,3
26,KSLS2,4
19,KSLS2,5
27,KSLS2,6
13,KSLS2,7
23,KSLS2,8
19,KSLS2,9
7,KSLS2,10
17,KSLS2,11
1,KSLS2,12
27,KSLS2,13
23,KSLS2,14
2,KSLS2,15
4,KSLS2,16
11,KSLS3,1
17,KSLS3,2
15,KSLS3,3
17,KSLS3,4
22,KSLS3,5
3,KSLS3,6
17,KSLS3,7
7,KSLS3,8
14,KSLS3,9
10,KSLS3,10
19,KSLS3,11
25,KSLS3,12
14,KSLS3,13
4,KSLS3,14
15,KSLS3,15
1,KSLS3,16
1,BSL6,1
12,BSL6,2
5,BSL6,3
21,BSL6,4
11,BSL6,5
12,BSL6,6
5,BSL6,7
9,BSL6,8
8,BSL6,9
25,BSL6,10
9,BSL6,11
21,BSL6,12
21,BSL6,13
14,BSL6,14
14,BSL6,15
8,BSL6,16
7,BSL6,17
1,BSL6,18
12,BSL6,19
4,BSL6,20
12,BSL6,21
13,BSL6,22
22,BSL6,23
26,BSL6,24
5,BSL6,25
21,BSL6,26
11,BSL6,27
10,BSL6,28
23,BSL6,29
7,BSL6,30
28,BSL6,31
16,BSL6,32
64,AGL3,1
82,AGL3,2
73,AGL3,3
85,AGL3,4
68,AGL3,5
72,AGL3,6
78,AGL3,7
71,AGL3,8
74,AGL3,9
54,AGL3,10
73,AGL3,11
61,AGL3,12
54,AGL3,13
85,AGL3,14
62,AGL3,15
61,AGL3,16
53,AGL3,17
72,AGL3,18
68,HLDS1,1
65,HLDS1,2
67,HLDS1,3
60,HLDS1,4
68,HLDS1,5
75,HLDS1,6
81,HLDS1,7
66,HLDS1,8
61,GSH19,1
66,GSH19,2
59,GSH19,3
79,GSH19,4
55,GSH19,5
81,GSH19,6
60,GSH19,7
62,GSH19,8
82,SS7,1
53,SS7,2
65,SS7,3
54,SS7,4
73,SS7,5
55,SS7,6
54,SS7,7
59,SS7,8
72,SS7,9
57,SS7,10
59,SS7,11
69,SS7,12
77,SS7,13
67,SS7,14
80,SS7,15
80,SS7,16
57,BPS,1
59,BPS,2
77,BPS,3
77,BPS,4
64,BPS,5
66,BPS,6
74,IEMCSGO,1
70,IEMCSGO,2
62,IEMCSGO,3
74,IEMCSGO,4
68,IEMCSGO,5
68,IEMCSGO,6
74,IEMCSGO,7
69,IEMCSGO,8
76,IEMCSGO,9
71,IEMCSGO,10
69,IEMCSGO,11
63,IEMCSGO,12
75,IEMCSGO,13
53,IEMCSGO,14
53,IEMCSGO,15
82,IEMCSGO,16
38,RLCS7,1
33,RLCS7,2
30,RLCS7,3
31,RLCS7,4
30,RLCS7,5
31,RLCS7,6
37,RLCS7,7
30,RLCS7,8
30,RLCS7,9
35,RLCS7,10
37,RLCS7,11
33,RLCS7,12
4,P1E,1
13,P1E,2
24,P1E,3
21,P1E,4
4,P1E,5
5,P1E,6
14,P1E,7
11,P1E,8
14,P1E,9
13,P1E,10
25,P1E,11
15,P1E,12
4,P1E,13
24,P1E,14
7,P1E,15
10,P1E,16
15,P1E,17
19,P1E,18
16,P1E,19
26,P1E,20
17,P1E,21
13,P1E,22
10,P1E,23
2,P1E,24
26,P1E,25
3,P1E,26
3,P1E,27
16,P1E,28
17,P1E,29
28,P1E,30
3,P1E,31
5,P1E,32
22,P1E,33
19,P1E,34
3,P1E,35
5,P1E,36
12,P1E,37
22,P1E,38
19,P1E,39
2,P1E,40
8,P1E,41
25,P1E,42
13,P1E,43
24,P1E,44
28,P1E,45
19,P1E,46
15,P1E,47
9,P1E,48
11,P1E,49
16,P1E,50
2,P1E,51
8,P1E,52
28,P1E,53
4,P1E,54
17,P1E,55
5,P1E,56
19,P1E,57
21,P1E,58
22,P1E,59
3,P1E,60
13,P1E,61
12,P1E,62
21,P1E,63
27,P1E,64
9,P1E,65
21,P1E,66
21,P1E,67
11,P1E,68
6,P1E,69
8,P1E,70
28,P1E,71
15,P1E,72
3,P1E,73
27,P1E,74
21,P1E,75
2,P1E,76
17,P1E,77
25,P1E,78
27,P1E,79
9,P1E,80
13,P1E,81
24,P1E,82
18,P1E,83
6,P1E,84
12,P1E,85
18,P1E,86
22,P1E,87
6,P1E,88
26,P1E,89
14,P1E,90
16,P1E,91
24,P1E,92
1,P1E,93
13,P1E,94
25,P1E,95
3,P1E,96
25,P1E,97
20,P1E,98
4,P1E,99
20,P1E,100
7,P1E,101
16,P1E,102
17,P1E,103
1,P1E,104
22,P1E,105
25,P1E,106
12,P1E,107
14,P1E,108
15,P1E,109
5,P1E,110
2,P1E,111
26,P1E,112
4,P1E,113
18,P1E,114
26,P1E,115
24,P1E,116
25,P1E,117
18,P1E,118
24,P1E,119
15,P1E,120
19,P1E,121
28,P1E,122
26,P1E,123
15,P1E,124
8,P1E,125
7,P1E,126
24,P1E,127
19,P1E,128
82,LCS,1
74,LCS,2
55,LCS,3
76,LCS,4
81,LCS,5
56,LCS,6
79,LCS,7
55,LCS,8
58,LCS,9
83,LCS,10
59,LEC,1
62,LEC,2
61,LEC,3
78,LEC,4
64,LEC,5
82,LEC,6
70,LEC,7
74,LEC,8
53,LEC,9
71,LEC,10
76,LCK,1
68,LCK,2
74,LCK,3
82,LCK,4
76,LCK,5
67,LCK,6
56,LCK,7
61,LCK,8
58,LCK,9
69,LCK,10
7,MTW,1
1,MTW,2
20,MTW,3
1,MTW,4
18,MTW,5
15,MTW,6
25,MTW,7
9,MTW,8
28,WGLW,1
28,WGLW,2
16,WGLW,3
5,WGLW,4
3,WGLW,5
3,WGLW,6
7,WGLW,7
16,WGLW,8
13,WGLW,9
27,WGLW,10
4,WGLW,11
28,WGLW,12
5,WGLW,13
20,WGLW,14
27,WGLW,15
8,WGLW,16
13,WGLW,17
22,WGLW,18
19,WGLW,19
17,WGLW,20
24,WGLW,21
16,WGLW,22
22,WGLW,23
12,WGLW,24
19,WGLS,1
1,WGLS,2
15,WGLS,3
7,WGLS,4
21,WGLS,5
25,WGLS,6
20,WGLS,7
17,WGLS,8
9,WGLS,9
17,WGLS,10
25,WGLS,11
20,WGLS,12
21,WGLS,13
25,WGLS,14
3,WGLS,15
15,WGLS,16
22,WGLS,17
7,WGLS,18
19,WGLS,19
21,WGLS,20
11,WGLS,21
10,WGLS,22
12,WGLS,23
4,WGLS,24
12,GCSS,1
8,GCSS,2
3,GCSS,3
13,GCSS,4
24,GCSS,5
9,GCSS,6
17,GCSS,7
12,GCSS,8
4,GCSS,9
28,GCSS,10
6,GCSS,11
13,GCSS,12
17,GCSS,13
7,GCSS,14
9,GCSS,15
15,GCSS,16
1,GCSW,1
9,GCSW,2
24,GCSW,3
8,GCSW,4
12,GCSW,5
20,GCSW,6
23,GCSW,7
6,GCSW,8
11,GCSW,9
18,GCSW,10
19,GCSW,11
11,GCSW,12
14,GCSW,13
28,GCSW,14
7,GCSW,15
20,GCSW,16
43,RPF,1
39,RPF,2
50,RPF,3
47,RPF,4
51,RPF,5
40,RPF,6
48,RPF,7
39,RPF,8
50,RPF,9
51,RPF,10
51,RPF,11
44,RPF,12
43,RPF,13
50,RPF,14
45,RPF,15
45,RPF,16
41,RPF,17
39,RPF,18
115,MEP,1
118,MEP,2
118,MEP,3
118,MEP,4
116,MEP,5
118,MEP,6
118,MEP,7
116,MEP,8
115,MEP,9
117,MEP,10
115,MEP,11
116,MEP,12
117,MEP,13
118,MEP,14
114,MEP,15
117,MEP,16
103,GQJM,1
97,GQJM,2
89,GQJM,3
98,GQJM,4
86,GQJM,5
103,GQJM,6
100,GQJM,7
98,GQJM,8
96,GQJM,9
89,GQJM,10
87,GQJM,11
93,GQJM,12
96,GQJM,13
101,GQJM,14
89,GQJM,15
98,GQJM,16
113,KTN,1
108,KTN,2
112,KTN,3
113,KTN,4
110,KTN,5
109,KTN,6
106,KTN,7
110,KTN,8
104,KTN,9
111,KTN,10
105,KTN,11
113,KTN,12
109,KTN,13
108,KTN,14
105,KTN,15
105,KTN,16
111,KTN,17
109,KTN,18
109,KTN,19
111,KTN,20
109,KTN,21
107,KTN,22
113,KTN,23
112,KTN,24
112,KTN,25
112,KTN,26
109,KTN,27
110,KTN,28
107,KTN,29
113,KTN,30
112,KTN,31
112,KTN,32
40,GDOTH,1
52,GDOTH,2
48,GDOTH,3
40,GDOTH,4
40,GDOTH,5
43,GDOTH,6
41,GDOTH,7
48,GDOTH,8
49,GDOTH,9
50,GDOTH,10
42,GDOTH,11
45,GDOTH,12
47,GDOTH,13
43,GDOTH,14
52,GDOTH,15
50,GDOTH,16
43,GDOTH,17
47,GDOTH,18
70,QTZE,1
73,QTZE,2
75,QTZE,3
57,QTZE,4
75,QTZE,5
55,QTZE,6
72,QTZE,7
73,QTZE,8
69,QTZE,9
85,QTZE,10
55,QTZE,11
56,QTZE,12
54,QTZE,13
61,QTZE,14
81,QTZE,15
53,QTZE,16
64,QTZE,17
69,QTZE,18
55,QTZE,19
81,QTZE,20
65,QTZE,21
63,QTZE,22
71,QTZE,23
69,QTZE,24
123,XWDL,1
120,XWDL,2
119,XWDL,3
126,XWDL,4
122,XWDL,5
123,XWDL,6
121,XWDL,7
119,XWDL,8
119,XWDL,9
125,XWDL,10
126,XWDL,11
126,XWDL,12
125,XWDL,13
119,XWDL,14
121,XWDL,15
121,XWDL,16
124,XWDL,17
124,XWDL,18
123,XWDL,19
125,XWDL,20
125,XWDL,21
119,XWDL,22
124,XWDL,23
119,XWDL,24
122,XWDL,25
125,XWDL,26
122,XWDL,27
126,XWDL,28
124,XWDL,29
120,XWDL,30
127,XWDL,31
126,XWDL,32
60,ZIX,1
83,ZIX,2
54,ZIX,3
76,ZIX,4
57,ZIX,5
67,ZIX,6
58,ZIX,7
54,ZIX,8
55,ZIX,9
67,ZIX,10
72,ZIX,11
53,ZIX,12
53,ZIX,13
68,ZIX,14
62,ZIX,15
70,ZIX,16
79,ZIX,17
76,ZIX,18
78,ZIX,19
81,ZIX,20
60,ZIX,21
63,ZIX,22
65,ZIX,23
58,ZIX,24
118,OMC,1
116,OMC,2
116,OMC,3
116,OMC,4
117,OMC,5
118,OMC,6
118,OMC,7
114,OMC,8
116,OMC,9
114,OMC,10
116,OMC,11
114,OMC,12
115,OMC,13
117,OMC,14
114,OMC,15
117,OMC,16
117,OMC,17
114,OMC,18
87,BFDA,1
89,BFDA,2
86,BFDA,3
95,BFDA,4
94,BFDA,5
90,BFDA,6
94,BFDA,7
98,BFDA,8
94,BFDA,9
97,BFDA,10
92,BFDA,11
99,BFDA,12
88,BFDA,13
92,BFDA,14
102,BFDA,15
87,BFDA,16
93,BFDA,17
103,BFDA,18
96,BFDA,19
95,BFDA,20
93,BFDA,21
91,BFDA,22
88,BFDA,23
102,BFDA,24
92,BFDA,25
101,BFDA,26
103,BFDA,27
90,BFDA,28
91,BFDA,29
95,BFDA,30
93,BFDA,31
91,BFDA,32
89,BFDA,33
90,BFDA,34
103,BFDA,35
98,BFDA,36
95,BFDA,37
97,BFDA,38
102,BFDA,39
92,BFDA,40
92,BFDA,41
95,BFDA,42
100,BFDA,43
93,BFDA,44
90,BFDA,45
100,BFDA,46
102,BFDA,47
91,BFDA,48
91,BFDA,49
100,BFDA,50
103,BFDA,51
103,BFDA,52
89,BFDA,53
89,BFDA,54
96,BFDA,55
94,BFDA,56
91,BFDA,57
89,BFDA,58
95,BFDA,59
91,BFDA,60
97,BFDA,61
90,BFDA,62
89,BFDA,63
95,BFDA,64
101,GXUYA,1
99,GXUYA,2
93,GXUYA,3
99,GXUYA,4
90,GXUYA,5
97,GXUYA,6
101,GXUYA,7
97,GXUYA,8
95,GXUYA,9
87,GXUYA,10
87,GXUYA,11
97,GXUYA,12
102,GXUYA,13
89,GXUYA,14
86,GXUYA,15
95,GXUYA,16
97,GXUYA,17
94,GXUYA,18
102,GXUYA,19
101,GXUYA,20
103,GXUYA,21
94,GXUYA,22
89,GXUYA,23
94,GXUYA,24
96,GXUYA,25
95,GXUYA,26
90,GXUYA,27
97,GXUYA,28
89,GXUYA,29
94,GXUYA,30
99,GXUYA,31
89,GXUYA,32
102,GXUYA,33
91,GXUYA,34
99,GXUYA,35
90,GXUYA,36
102,GXUYA,37
100,GXUYA,38
94,GXUYA,39
90,GXUYA,40
94,GXUYA,41
95,GXUYA,42
93,GXUYA,43
96,GXUYA,44
100,GXUYA,45
90,GXUYA,46
94,GXUYA,47
103,GXUYA,48
102,GXUYA,49
90,GXUYA,50
97,GXUYA,51
92,GXUYA,52
96,GXUYA,53
95,GXUYA,54
102,GXUYA,55
99,GXUYA,56
96,GXUYA,57
97,GXUYA,58
99,GXUYA,59
95,GXUYA,60
100,GXUYA,61
92,GXUYA,62
90,GXUYA,63
91,GXUYA,64
113,ZHQYT,1
107,ZHQYT,2
113,ZHQYT,3
111,ZHQYT,4
111,ZHQYT,5
108,ZHQYT,6
110,ZHQYT,7
113,ZHQYT,8
109,ZHQYT,9
105,ZHQYT,10
112,ZHQYT,11
113,ZHQYT,12
111,ZHQYT,13
111,ZHQYT,14
110,ZHQYT,15
110,ZHQYT,16
110,ZHQYT,17
109,ZHQYT,18
106,ZHQYT,19
105,ZHQYT,20
107,ZHQYT,21
110,ZHQYT,22
105,ZHQYT,23
107,ZHQYT,24
108,ZHQYT,25
108,ZHQYT,26
109,ZHQYT,27
110,ZHQYT,28
111,ZHQYT,29
104,ZHQYT,30
107,ZHQYT,31
113,ZHQYT,32
26,STDNL,1
20,STDNL,2
14,STDNL,3
4,STDNL,4
14,STDNL,5
25,STDNL,6
23,STDNL,7
8,STDNL,8
22,STDNL,9
10,STDNL,10
27,STDNL,11
24,STDNL,12
1,STDNL,13
7,STDNL,14
26,STDNL,15
11,STDNL,16
24,STDNL,17
2,STDNL,18
12,STDNL,19
20,STDNL,20
26,STDNL,21
12,STDNL,22
21,STDNL,23
12,STDNL,24
7,STDNL,25
9,STDNL,26
18,STDNL,27
5,STDNL,28
24,STDNL,29
26,STDNL,30
23,STDNL,31
8,STDNL,32
19,LWO,1
1,LWO,2
18,LWO,3
22,LWO,4
25,LWO,5
20,LWO,6
21,LWO,7
2,LWO,8
28,LWO,9
26,LWO,10
1,LWO,11
5,LWO,12
18,LWO,13
3,LWO,14
4,LWO,15
21,LWO,16
22,LWO,17
5,LWO,18
27,LWO,19
12,LWO,20
12,LWO,21
17,LWO,22
16,LWO,23
5,LWO,24
8,LWO,25
8,LWO,26
2,LWO,27
27,LWO,28
13,LWO,29
12,LWO,30
28,LWO,31
10,LWO,32
27,LWO,33
6,LWO,34
14,LWO,35
10,LWO,36
10,LWO,37
23,LWO,38
15,LWO,39
23,LWO,40
23,LWO,41
3,LWO,42
11,LWO,43
24,LWO,44
15,LWO,45
12,LWO,46
5,LWO,47
16,LWO,48
9,LWO,49
25,LWO,50
25,LWO,51
9,LWO,52
8,LWO,53
8,LWO,54
23,LWO,55
22,LWO,56
16,LWO,57
16,LWO,58
25,LWO,59
16,LWO,60
20,LWO,61
7,LWO,62
24,LWO,63
9,LWO,64
132,KCGIN,1
129,KCGIN,2
133,KCGIN,3
131,KCGIN,4
133,KCGIN,5
128,KCGIN,6
129,KCGIN,7
128,KCGIN,8
132,KCGIN,9
132,KCGIN,10
132,KCGIN,11
133,KCGIN,12
133,KCGIN,13
132,KCGIN,14
133,KCGIN,15
128,KCGIN,16
19,YNSC,1
11,YNSC,2
14,YNSC,3
15,YNSC,4
3,YNSC,5
14,YNSC,6
8,YNSC,7
17,YNSC,8
15,YNSC,9
8,YNSC,10
27,YNSC,11
22,YNSC,12
11,YNSC,13
11,YNSC,14
9,YNSC,15
1,YNSC,16
19,YNSC,17
18,YNSC,18
31,TSM,1
29,TSM,2
34,TSM,3
36,TSM,4
35,TSM,5
37,TSM,6
35,TSM,7
32,TSM,8
38,TSM,9
32,TSM,10
32,TSM,11
30,TSM,12
32,TSM,13
34,TSM,14
34,TSM,15
29,TSM,16
82,PLRDY,1
66,PLRDY,2
55,PLRDY,3
70,PLRDY,4
64,PLRDY,5
64,PLRDY,6
59,PLRDY,7
83,PLRDY,8
61,PLRDY,9
57,PLRDY,10
66,PLRDY,11
64,PLRDY,12
76,PLRDY,13
57,PLRDY,14
54,PLRDY,15
73,PLRDY,16
82,PLRDY,17
61,PLRDY,18
93,MJV,1
93,MJV,2
94,MJV,3
103,MJV,4
91,MJV,5
96,MJV,6
103,MJV,7
90,MJV,8
101,MJV,9
101,MJV,10
88,MJV,11
96,MJV,12
90,MJV,13
87,MJV,14
89,MJV,15
99,MJV,16
34,LHKD,1
33,LHKD,2
34,LHKD,3
38,LHKD,4
32,LHKD,5
32,LHKD,6
38,LHKD,7
37,LHKD,8
38,LHKD,9
29,LHKD,10
29,LHKD,11
30,LHKD,12
38,LHKD,13
35,LHKD,14
33,LHKD,15
38,LHKD,16
44,YLR,1
47,YLR,2
48,YLR,3
45,YLR,4
52,YLR,5
39,YLR,6
42,YLR,7
40,YLR,8
41,YLR,9
51,YLR,10
41,YLR,11
44,YLR,12
42,YLR,13
51,YLR,14
48,YLR,15
52,YLR,16
99,YTLO,1
99,YTLO,2
92,YTLO,3
97,YTLO,4
90,YTLO,5
92,YTLO,6
101,YTLO,7
88,YTLO,8
100,YTLO,9
102,YTLO,10
86,YTLO,11
103,YTLO,12
102,YTLO,13
101,YTLO,14
96,YTLO,15
102,YTLO,16
93,YTLO,17
98,YTLO,18
90,YTLO,19
94,YTLO,20
88,YTLO,21
92,YTLO,22
89,YTLO,23
100,YTLO,24
96,YTLO,25
99,YTLO,26
102,YTLO,27
93,YTLO,28
93,YTLO,29
92,YTLO,30
92,YTLO,31
95,YTLO,32
14,TUL,1
18,TUL,2
23,TUL,3
25,TUL,4
17,TUL,5
8,TUL,6
21,TUL,7
8,TUL,8
7,TUL,9
14,TUL,10
1,TUL,11
19,TUL,12
4,TUL,13
8,TUL,14
26,TUL,15
13,TUL,16
23,TUL,17
5,TUL,18
9,TUL,19
22,TUL,20
7,TUL,21
12,TUL,22
27,TUL,23
23,TUL,24
14,TUL,25
7,TUL,26
7,TUL,27
15,TUL,28
14,TUL,29
15,TUL,30
16,TUL,31
22,TUL,32
124,REQZ,1
119,REQZ,2
122,REQZ,3
121,REQZ,4
127,REQZ,5
120,REQZ,6
121,REQZ,7
119,REQZ,8
122,REQZ,9
123,REQZ,10
125,REQZ,11
124,REQZ,12
127,REQZ,13
123,REQZ,14
124,REQZ,15
126,REQZ,16
126,REQZ,17
121,REQZ,18
119,REQZ,19
122,REQZ,20
124,REQZ,21
121,REQZ,22
122,REQZ,23
119,REQZ,24
121,REQZ,25
119,REQZ,26
127,REQZ,27
120,REQZ,28
125,REQZ,29
123,REQZ,30
119,REQZ,31
119,REQZ,32
127,REQZ,33
120,REQZ,34
122,REQZ,35
119,REQZ,36
126,REQZ,37
127,REQZ,38
120,REQZ,39
119,REQZ,40
122,REQZ,41
121,REQZ,42
119,REQZ,43
124,REQZ,44
124,REQZ,45
123,REQZ,46
123,REQZ,47
127,REQZ,48
123,REQZ,49
119,REQZ,50
126,REQZ,51
120,REQZ,52
122,REQZ,53
120,REQZ,54
125,REQZ,55
124,REQZ,56
121,REQZ,57
120,REQZ,58
122,REQZ,59
119,REQZ,60
123,REQZ,61
124,REQZ,62
127,REQZ,63
126,REQZ,64
104,BVR,1
104,BVR,2
105,BVR,3
104,BVR,4
106,BVR,5
104,BVR,6
109,BVR,7
107,BVR,8
113,BVR,9
110,BVR,10
109,BVR,11
106,BVR,12
110,BVR,13
106,BVR,14
113,BVR,15
110,BVR,16
49,RVSA,1
46,RVSA,2
42,RVSA,3
48,RVSA,4
49,RVSA,5
43,RVSA,6
50,RVSA,7
47,RVSA,8
40,RVSA,9
45,RVSA,10
49,RVSA,11
40,RVSA,12
48,RVSA,13
50,RVSA,14
52,RVSA,15
52,RVSA,16
50,RVSA,17
48,RVSA,18
45,RVSA,19
43,RVSA,20
50,RVSA,21
48,RVSA,22
42,RVSA,23
40,RVSA,24
47,RVSA,25
44,RVSA,26
44,RVSA,27
42,RVSA,28
50,RVSA,29
52,RVSA,30
41,RVSA,31
51,RVSA,32
100,DAL,1
103,DAL,2
87,DAL,3
102,DAL,4
94,DAL,5
101,DAL,6
101,DAL,7
101,DAL,8
98,DAL,9
88,DAL,10
100,DAL,11
95,DAL,12
100,DAL,13
101,DAL,14
95,DAL,15
88,DAL,16
95,DAL,17
100,DAL,18
129,BDL,1
129,BDL,2
128,BDL,3
132,BDL,4
129,BDL,5
132,BDL,6
129,BDL,7
130,BDL,8
128,BDL,9
130,BDL,10
133,BDL,11
131,BDL,12
129,BDL,13
128,BDL,14
128,BDL,15
130,BDL,16
128,BDL,17
129,BDL,18
133,BDL,19
132,BDL,20
132,BDL,21
129,BDL,22
128,BDL,23
128,BDL,24
29,KFAY,1
37,KFAY,2
32,KFAY,3
32,KFAY,4
38,KFAY,5
33,KFAY,6
30,KFAY,7
32,KFAY,8
32,KFAY,9
32,KFAY,10
34,KFAY,11
34,KFAY,12
29,KFAY,13
35,KFAY,14
31,KFAY,15
31,KFAY,16
30,KFAY,17
32,KFAY,18
29,KFAY,19
37,KFAY,20
34,KFAY,21
38,KFAY,22
37,KFAY,23
29,KFAY,24
127,UHTAS,1
121,UHTAS,2
122,UHTAS,3
122,UHTAS,4
121,UHTAS,5
126,UHTAS,6
123,UHTAS,7
123,UHTAS,8
120,UHTAS,9
127,UHTAS,10
126,UHTAS,11
124,UHTAS,12
127,UHTAS,13
125,UHTAS,14
127,UHTAS,15
125,UHTAS,16
126,UHTAS,17
119,UHTAS,18
123,UHTAS,19
119,UHTAS,20
120,UHTAS,21
121,UHTAS,22
119,UHTAS,23
125,UHTAS,24
124,UHTAS,25
122,UHTAS,26
124,UHTAS,27
122,UHTAS,28
125,UHTAS,29
126,UHTAS,30
122,UHTAS,31
122,UHTAS,32
131,AMB,1
132,AMB,2
133,AMB,3
128,AMB,4
131,AMB,5
128,AMB,6
133,AMB,7
133,AMB,8
129,AMB,9
128,AMB,10
129,AMB,11
131,AMB,12
128,AMB,13
131,AMB,14
133,AMB,15
129,AMB,16
47,TIP,1
42,TIP,2
51,TIP,3
41,TIP,4
51,TIP,5
39,TIP,6
45,TIP,7
39,TIP,8
51,TIP,9
52,TIP,10
50,TIP,11
48,TIP,12
41,TIP,13
49,TIP,14
52,TIP,15
40,TIP,16
44,XNS,1
47,XNS,2
39,XNS,3
51,XNS,4
47,XNS,5
44,XNS,6
50,XNS,7
51,XNS,8
42,XNS,9
50,XNS,10
49,XNS,11
46,XNS,12
52,XNS,13
47,XNS,14
39,XNS,15
44,XNS,16
73,KRVU,1
76,KRVU,2
53,KRVU,3
54,KRVU,4
85,KRVU,5
57,KRVU,6
82,KRVU,7
70,KRVU,8
85,KRVU,9
54,KRVU,10
85,KRVU,11
70,KRVU,12
77,KRVU,13
56,KRVU,14
85,KRVU,15
77,KRVU,16
78,KRVU,17
72,KRVU,18
72,KRVU,19
73,KRVU,20
72,KRVU,21
59,KRVU,22
57,KRVU,23
55,KRVU,24
22,EDN,1
26,EDN,2
17,EDN,3
19,EDN,4
7,EDN,5
14,EDN,6
18,EDN,7
19,EDN,8
9,EDN,9
6,EDN,10
9,EDN,11
13,EDN,12
27,EDN,13
28,EDN,14
13,EDN,15
15,EDN,16
3,EDN,17
23,EDN,18
14,EDN,19
4,EDN,20
22,EDN,21
2,EDN,22
14,EDN,23
3,EDN,24
8,EDN,25
4,EDN,26
15,EDN,27
20,EDN,28
11,EDN,29
25,EDN,30
10,EDN,31
16,EDN,32
23,EDN,33
18,EDN,34
11,EDN,35
13,EDN,36
11,EDN,37
11,EDN,38
19,EDN,39
8,EDN,40
13,EDN,41
18,EDN,42
27,EDN,43
5,EDN,44
7,EDN,45
22,EDN,46
22,EDN,47
13,EDN,48
8,EDN,49
5,EDN,50
28,EDN,51
27,EDN,52
15,EDN,53
1,EDN,54
18,EDN,55
5,EDN,56
3,EDN,57
4,EDN,58
11,EDN,59
3,EDN,60
3,EDN,61
21,EDN,62
9,EDN,63
2,EDN,64
23,UHXV,1
13,UHXV,2
2,UHXV,3
3,UHXV,4
26,UHXV,5
11,UHXV,6
9,UHXV,7
26,UHXV,8
11,UHXV,9
1,UHXV,10
25,UHXV,11
20,UHXV,12
22,UHXV,13
9,UHXV,14
23,UHXV,15
13,UHXV,16
18,UHXV,17
22,UHXV,18
121,AWHP,1
120,AWHP,2
119,AWHP,3
124,AWHP,4
124,AWHP,5
126,AWHP,6
123,AWHP,7
121,AWHP,8
121,AWHP,9
122,AWHP,10
123,AWHP,11
124,AWHP,12
124,AWHP,13
123,AWHP,14
119,AWHP,15
123,AWHP,16
123,AWHP,17
124,AWHP,18
124,AWHP,19
123,AWHP,20
125,AWHP,21
124,AWHP,22
120,AWHP,23
126,AWHP,24
125,AWHP,25
122,AWHP,26
122,AWHP,27
119,AWHP,28
123,AWHP,29
120,AWHP,30
119,AWHP,31
119,AWHP,32
110,AWB,1
108,AWB,2
111,AWB,3
113,AWB,4
105,AWB,5
105,AWB,6
104,AWB,7
113,AWB,8
108,AWB,9
113,AWB,10
104,AWB,11
113,AWB,12
113,AWB,13
105,AWB,14
104,AWB,15
112,AWB,16
107,AWB,17
110,AWB,18
109,AWB,19
109,AWB,20
104,AWB,21
112,AWB,22
106,AWB,23
107,AWB,24
23,KVZE,1
9,KVZE,2
14,KVZE,3
19,KVZE,4
18,KVZE,5
7,KVZE,6
13,KVZE,7
28,KVZE,8
20,KVZE,9
1,KVZE,10
9,KVZE,11
27,KVZE,12
17,KVZE,13
16,KVZE,14
14,KVZE,15
22,KVZE,16
15,KVZE,17
14,KVZE,18
95,MRSX,1
92,MRSX,2
88,MRSX,3
86,MRSX,4
99,MRSX,5
94,MRSX,6
98,MRSX,7
94,MRSX,8
90,MRSX,9
97,MRSX,10
95,MRSX,11
86,MRSX,12
97,MRSX,13
96,MRSX,14
95,MRSX,15
102,MRSX,16
96,MRSX,17
99,MRSX,18
97,MRSX,19
92,MRSX,20
88,MRSX,21
95,MRSX,22
96,MRSX,23
86,MRSX,24
130,VKBJZ,1
132,VKBJZ,2
131,VKBJZ,3
132,VKBJZ,4
133,VKBJZ,5
131,VKBJZ,6
130,VKBJZ,7
133,VKBJZ,8
130,VKBJZ,9
128,VKBJZ,10
132,VKBJZ,11
128,VKBJZ,12
131,VKBJZ,13
130,VKBJZ,14
129,VKBJZ,15
131,VKBJZ,16
128,VKBJZ,17
129,VKBJZ,18
131,VKBJZ,19
130,VKBJZ,20
131,VKBJZ,21
132,VKBJZ,22
133,VKBJZ,23
128,VKBJZ,24
123,LARD,1
126,LARD,2
124,LARD,3
124,LARD,4
122,LARD,5
125,LARD,6
123,LARD,7
122,LARD,8
119,LARD,9
119,LARD,10
124,LARD,11
121,LARD,12
125,LARD,13
125,LARD,14
127,LARD,15
125,LARD,16
123,LARD,17
124,LARD,18
70,DRA,1
78,DRA,2
69,DRA,3
76,DRA,4
83,DRA,5
71,DRA,6
60,DRA,7
57,DRA,8
76,DRA,9
81,DRA,10
83,DRA,11
70,DRA,12
75,DRA,13
61,DRA,14
63,DRA,15
54,DRA,16
75,DRA,17
75,DRA,18
68,DRA,19
77,DRA,20
60,DRA,21
58,DRA,22
77,DRA,23
69,DRA,24
67,DRA,25
75,DRA,26
83,DRA,27
70,DRA,28
82,DRA,29
53,DRA,30
80,DRA,31
85,DRA,32
85,DRA,33
60,DRA,34
69,DRA,35
64,DRA,36
76,DRA,37
59,DRA,38
53,DRA,39
56,DRA,40
68,DRA,41
74,DRA,42
54,DRA,43
76,DRA,44
75,DRA,45
78,DRA,46
53,DRA,47
80,DRA,48
58,DRA,49
82,DRA,50
53,DRA,51
63,DRA,52
72,DRA,53
80,DRA,54
75,DRA,55
73,DRA,56
73,DRA,57
68,DRA,58
84,DRA,59
85,DRA,60
75,DRA,61
78,DRA,62
78,DRA,63
74,DRA,64
41,MOXSI,1
41,MOXSI,2
45,MOXSI,3
40,MOXSI,4
49,MOXSI,5
50,MOXSI,6
41,MOXSI,7
42,MOXSI,8
45,MOXSI,9
45,MOXSI,10
39,MOXSI,11
41,MOXSI,12
40,MOXSI,13
43,MOXSI,14
50,MOXSI,15
43,MOXSI,16
40,MOXSI,17
50,MOXSI,18
42,MOXSI,19
50,MOXSI,20
47,MOXSI,21
47,MOXSI,22
49,MOXSI,23
47,MOXSI,24
128,CGQY,1
129,CGQY,2
128,CGQY,3
130,CGQY,4
133,CGQY,5
133,CGQY,6
133,CGQY,7
128,CGQY,8
133,CGQY,9
128,CGQY,10
129,CGQY,11
132,CGQY,12
130,CGQY,13
133,CGQY,14
132,CGQY,15
132,CGQY,16
132,CGQY,17
131,CGQY,18
128,CGQY,19
129,CGQY,20
132,CGQY,21
131,CGQY,22
129,CGQY,23
131,CGQY,24
127,ZGBFP,1
124,ZGBFP,2
126,ZGBFP,3
122,ZGBFP,4
119,ZGBFP,5
119,ZGBFP,6
125,ZGBFP,7
122,ZGBFP,8
121,ZGBFP,9
121,ZGBFP,10
120,ZGBFP,11
120,ZGBFP,12
126,ZGBFP,13
124,ZGBFP,14
125,ZGBFP,15
126,ZGBFP,16
126,ZGBFP,17
119,ZGBFP,18
119,ZGBFP,19
120,ZGBFP,20
121,ZGBFP,21
126,ZGBFP,22
122,ZGBFP,23
124,ZGBFP,24
121,ZGBFP,25
125,ZGBFP,26
119,ZGBFP,27
121,ZGBFP,28
120,ZGBFP,29
121,ZGBFP,30
122,ZGBFP,31
124,ZGBFP,32
14,IBEDR,1
11,IBEDR,2
1,IBEDR,3
1,IBEDR,4
19,IBEDR,5
14,IBEDR,6
7,IBEDR,7
14,IBEDR,8
14,IBEDR,9
21,IBEDR,10
13,IBEDR,11
15,IBEDR,12
15,IBEDR,13
10,IBEDR,14
16,IBEDR,15
4,IBEDR,16
13,IBEDR,17
8,IBEDR,18
23,FPH,1
21,FPH,2
7,FPH,3
16,FPH,4
19,FPH,5
15,FPH,6
14,FPH,7
23,FPH,8
4,FPH,9
4,FPH,10
23,FPH,11
20,FPH,12
19,FPH,13
14,FPH,14
8,FPH,15
1,FPH,16
23,FPH,17
4,FPH,18
26,FPH,19
1,FPH,20
8,FPH,21
11,FPH,22
18,FPH,23
14,FPH,24
54,RWQ,1
55,RWQ,2
73,RWQ,3
83,RWQ,4
67,RWQ,5
73,RWQ,6
69,RWQ,7
60,RWQ,8
56,RWQ,9
76,RWQ,10
77,RWQ,11
83,RWQ,12
58,RWQ,13
82,RWQ,14
84,RWQ,15
61,RWQ,16
68,RWQ,17
60,RWQ,18
76,RWQ,19
83,RWQ,20
84,RWQ,21
71,RWQ,22
67,RWQ,23
77,RWQ,24
103,THU,1
100,THU,2
93,THU,3
94,THU,4
100,THU,5
96,THU,6
96,THU,7
101,THU,8
98,THU,9
95,THU,10
88,THU,11
100,THU,12
93,THU,13
101,THU,14
86,THU,15
94,THU,16
98,THU,17
100,THU,18
98,THU,19
100,THU,20
86,THU,21
100,THU,22
86,THU,23
95,THU,24
90,THU,25
86,THU,26
103,THU,27
103,THU,28
92,THU,29
100,THU,30
102,THU,31
98,THU,32
122,LFQW,1
126,LFQW,2
119,LFQW,3
125,LFQW,4
119,LFQW,5
127,LFQW,6
121,LFQW,7
122,LFQW,8
127,LFQW,9
126,LFQW,10
119,LFQW,11
119,LFQW,12
122,LFQW,13
124,LFQW,14
121,LFQW,15
121,LFQW,16
121,LFQW,17
126,LFQW,18
119,LFQW,19
126,LFQW,20
119,LFQW,21
127,LFQW,22
120,LFQW,23
126,LFQW,24
29,DPSZA,1
38,DPSZA,2
33,DPSZA,3
36,DPSZA,4
34,DPSZA,5
38,DPSZA,6
29,DPSZA,7
34,DPSZA,8
37,DPSZA,9
32,DPSZA,10
29,DPSZA,11
37,DPSZA,12
38,DPSZA,13
33,DPSZA,14
33,DPSZA,15
29,DPSZA,16
38,DPSZA,17
34,DPSZA,18
35,DPSZA,19
32,DPSZA,20
35,DPSZA,21
35,DPSZA,22
30,DPSZA,23
38,DPSZA,24
38,DPSZA,25
34,DPSZA,26
32,DPSZA,27
31,DPSZA,28
29,DPSZA,29
31,DPSZA,30
34,DPSZA,31
35,DPSZA,32
96,QKOPR,1
88,QKOPR,2
100,QKOPR,3
96,QKOPR,4
101,QKOPR,5
88,QKOPR,6
91,QKOPR,7
97,QKOPR,8
88,QKOPR,9
91,QKOPR,10
89,QKOPR,11
96,QKOPR,12
91,QKOPR,13
100,QKOPR,14
96,QKOPR,15
93,QKOPR,16
90,QKOPR,17
90,QKOPR,18
91,QKOPR,19
96,QKOPR,20
95,QKOPR,21
87,QKOPR,22
91,QKOPR,23
87,QKOPR,24
97,QKOPR,25
100,QKOPR,26
100,QKOPR,27
102,QKOPR,28
101,QKOPR,29
91,QKOPR,30
101,QKOPR,31
89,QKOPR,32
127,BOY,1
127,BOY,2
123,BOY,3
126,BOY,4
125,BOY,5
122,BOY,6
120,BOY,7
124,BOY,8
120,BOY,9
122,BOY,10
120,BOY,11
123,BOY,12
123,BOY,13
124,BOY,14
119,BOY,15
119,BOY,16
79,XFY,1
85,XFY,2
59,XFY,3
55,XFY,4
76,XFY,5
63,XFY,6
65,XFY,7
64,XFY,8
74,XFY,9
66,XFY,10
85,XFY,11
60,XFY,12
62,XFY,13
74,XFY,14
62,XFY,15
67,XFY,16
53,XFY,17
74,XFY,18
77,XFY,19
60,XFY,20
59,XFY,21
81,XFY,22
74,XFY,23
77,XFY,24
84,XFY,25
61,XFY,26
77,XFY,27
57,XFY,28
56,XFY,29
69,XFY,30
84,XFY,31
83,XFY,32
56,XFY,33
80,XFY,34
58,XFY,35
77,XFY,36
74,XFY,37
76,XFY,38
62,XFY,39
77,XFY,40
65,XFY,41
65,XFY,42
73,XFY,43
68,XFY,44
56,XFY,45
73,XFY,46
65,XFY,47
58,XFY,48
82,XFY,49
59,XFY,50
70,XFY,51
53,XFY,52
56,XFY,53
80,XFY,54
67,XFY,55
76,XFY,56
81,XFY,57
84,XFY,58
72,XFY,59
66,XFY,60
84,XFY,61
71,XFY,62
76,XFY,63
73,XFY,64
50,TMYCG,1
46,TMYCG,2
51,TMYCG,3
44,TMYCG,4
42,TMYCG,5
45,TMYCG,6
42,TMYCG,7
50,TMYCG,8
43,TMYCG,9
50,TMYCG,10
49,TMYCG,11
51,TMYCG,12
51,TMYCG,13
44,TMYCG,14
44,TMYCG,15
45,TMYCG,16
52,TMYCG,17
46,TMYCG,18
34,XGY,1
29,XGY,2
34,XGY,3
30,XGY,4
33,XGY,5
34,XGY,6
29,XGY,7
29,XGY,8
37,XGY,9
35,XGY,10
36,XGY,11
32,XGY,12
32,XGY,13
37,XGY,14
31,XGY,15
35,XGY,16
38,XGY,17
36,XGY,18
32,XGY,19
35,XGY,20
35,XGY,21
31,XGY,22
33,XGY,23
35,XGY,24
33,XGY,25
30,XGY,26
30,XGY,27
38,XGY,28
30,XGY,29
34,XGY,30
30,XGY,31
31,XGY,32
106,AXOJ,1
107,AXOJ,2
105,AXOJ,3
106,AXOJ,4
108,AXOJ,5
107,AXOJ,6
105,AXOJ,7
111,AXOJ,8
107,AXOJ,9
107,AXOJ,10
107,AXOJ,11
104,AXOJ,12
111,AXOJ,13
113,AXOJ,14
112,AXOJ,15
111,AXOJ,16
108,AXOJ,17
104,AXOJ,18
6,TFP,1
9,TFP,2
23,TFP,3
3,TFP,4
6,TFP,5
5,TFP,6
26,TFP,7
10,TFP,8
9,TFP,9
19,TFP,10
27,TFP,11
28,TFP,12
27,TFP,13
26,TFP,14
14,TFP,15
23,TFP,16
21,TFP,17
15,TFP,18
2,TFP,19
10,TFP,20
7,TFP,21
2,TFP,22
1,TFP,23
15,TFP,24
109,YAOK,1
110,YAOK,2
111,YAOK,3
113,YAOK,4
113,YAOK,5
108,YAOK,6
104,YAOK,7
113,YAOK,8
110,YAOK,9
110,YAOK,10
104,YAOK,11
109,YAOK,12
113,YAOK,13
108,YAOK,14
105,YAOK,15
110,YAOK,16
130,VTWOC,1
130,VTWOC,2
130,VTWOC,3
130,VTWOC,4
130,VTWOC,5
133,VTWOC,6
133,VTWOC,7
132,VTWOC,8
132,VTWOC,9
133,VTWOC,10
131,VTWOC,11
130,VTWOC,12
132,VTWOC,13
131,VTWOC,14
131,VTWOC,15
130,VTWOC,16
131,VTWOC,17
129,VTWOC,18
128,VTWOC,19
131,VTWOC,20
129,VTWOC,21
132,VTWOC,22
129,VTWOC,23
133,VTWOC,24
131,VTWOC,25
129,VTWOC,26
132,VTWOC,27
130,VTWOC,28
133,VTWOC,29
129,VTWOC,30
128,VTWOC,31
129,VTWOC,32
74,PQHD,1
56,PQHD,2
85,PQHD,3
74,PQHD,4
82,PQHD,5
66,PQHD,6
76,PQHD,7
77,PQHD,8
83,PQHD,9
64,PQHD,10
78,PQHD,11
63,PQHD,12
71,PQHD,13
66,PQHD,14
70,PQHD,15
57,PQHD,16
118,AVT,1
117,AVT,2
118,AVT,3
115,AVT,4
115,AVT,5
116,AVT,6
114,AVT,7
115,AVT,8
118,AVT,9
117,AVT,10
116,AVT,11
116,AVT,12
115,AVT,13
114,AVT,14
118,AVT,15
116,AVT,16
116,AVT,17
115,AVT,18
115,AVT,19
116,AVT,20
115,AVT,21
116,AVT,22
118,AVT,23
118,AVT,24
114,AVT,25
117,AVT,26
114,AVT,27
118,AVT,28
117,AVT,29
116,AVT,30
117,AVT,31
117,AVT,32
116,AVT,33
117,AVT,34
117,AVT,35
116,AVT,36
118,AVT,37
115,AVT,38
114,AVT,39
114,AVT,40
115,AVT,41
116,AVT,42
117,AVT,43
114,AVT,44
118,AVT,45
114,AVT,46
117,AVT,47
117,AVT,48
116,AVT,49
118,AVT,50
117,AVT,51
116,AVT,52
116,AVT,53
118,AVT,54
116,AVT,55
118,AVT,56
115,AVT,57
116,AVT,58
115,AVT,59
114,AVT,60
116,AVT,61
118,AVT,62
115,AVT,63
114,AVT,64
60,XVEZ,1
81,XVEZ,2
73,XVEZ,3
79,XVEZ,4
84,XVEZ,5
61,XVEZ,6
75,XVEZ,7
61,XVEZ,8
75,XVEZ,9
54,XVEZ,10
85,XVEZ,11
77,XVEZ,12
77,XVEZ,13
67,XVEZ,14
85,XVEZ,15
71,XVEZ,16
70,XVEZ,17
67,XVEZ,18
59,XVEZ,19
54,XVEZ,20
85,XVEZ,21
80,XVEZ,22
54,XVEZ,23
59,XVEZ,24
79,XVEZ,25
75,XVEZ,26
61,XVEZ,27
56,XVEZ,28
63,XVEZ,29
67,XVEZ,30
61,XVEZ,31
78,XVEZ,32
59,HWNL,1
63,HWNL,2
69,HWNL,3
54,HWNL,4
66,HWNL,5
81,HWNL,6
85,HWNL,7
53,HWNL,8
79,HWNL,9
64,HWNL,10
66,HWNL,11
57,HWNL,12
71,HWNL,13
79,HWNL,14
67,HWNL,15
76,HWNL,16
64,HWNL,17
61,HWNL,18
87,LXQZJ,1
98,LXQZJ,2
92,LXQZJ,3
102,LXQZJ,4
88,LXQZJ,5
87,LXQZJ,6
94,LXQZJ,7
87,LXQZJ,8
95,LXQZJ,9
98,LXQZJ,10
102,LXQZJ,11
103,LXQZJ,12
91,LXQZJ,13
98,LXQZJ,14
93,LXQZJ,15
99,LXQZJ,16
101,LXQZJ,17
86,LXQZJ,18
93,LXQZJ,19
87,LXQZJ,20
96,LXQZJ,21
91,LXQZJ,22
98,LXQZJ,23
97,LXQZJ,24
70,BYLHO,1
58,BYLHO,2
53,BYLHO,3
70,BYLHO,4
75,BYLHO,5
54,BYLHO,6
54,BYLHO,7
79,BYLHO,8
82,BYLHO,9
67,BYLHO,10
61,BYLHO,11
85,BYLHO,12
55,BYLHO,13
74,BYLHO,14
64,BYLHO,15
53,BYLHO,16
70,BYLHO,17
78,BYLHO,18
70,BYLHO,19
74,BYLHO,20
73,BYLHO,21
75,BYLHO,22
85,BYLHO,23
59,BYLHO,24
68,BYLHO,25
85,BYLHO,26
72,BYLHO,27
71,BYLHO,28
70,BYLHO,29
73,BYLHO,30
55,BYLHO,31
76,BYLHO,32
78,BYLHO,33
85,BYLHO,34
61,BYLHO,35
58,BYLHO,36
82,BYLHO,37
57,BYLHO,38
54,BYLHO,39
83,BYLHO,40
66,BYLHO,41
77,BYLHO,42
72,BYLHO,43
61,BYLHO,44
53,BYLHO,45
63,BYLHO,46
72,BYLHO,47
78,BYLHO,48
61,BYLHO,49
85,BYLHO,50
85,BYLHO,51
66,BYLHO,52
54,BYLHO,53
82,BYLHO,54
54,BYLHO,55
77,BYLHO,56
72,BYLHO,57
60,BYLHO,58
53,BYLHO,59
56,BYLHO,60
57,BYLHO,61
69,BYLHO,62
70,BYLHO,63
78,BYLHO,64
14,QSCZW,1
11,QSCZW,2
25,QSCZW,3
4,QSCZW,4
10,QSCZW,5
1,QSCZW,6
16,QSCZW,7
10,QSCZW,8
17,QSCZW,9
25,QSCZW,10
18,QSCZW,11
17,QSCZW,12
13,QSCZW,13
18,QSCZW,14
2,QSCZW,15
19,QSCZW,16
19,QSCZW,17
7,QSCZW,18
13,QSCZW,19
9,QSCZW,20
8,QSCZW,21
1,QSCZW,22
6,QSCZW,23
6,QSCZW,24
27,QSCZW,25
6,QSCZW,26
25,QSCZW,27
1,QSCZW,28
15,QSCZW,29
16,QSCZW,30
25,QSCZW,31
4,QSCZW,32
7,YBN,1
26,YBN,2
18,YBN,3
2,YBN,4
19,YBN,5
16,YBN,6
18,YBN,7
12,YBN,8
16,YBN,9
22,YBN,10
10,YBN,11
27,YBN,12
13,YBN,13
4,YBN,14
8,YBN,15
14,YBN,16
14,YBN,17
11,YBN,18
26,YBN,19
21,YBN,20
1,YBN,21
7,YBN,22
25,YBN,23
4,YBN,24
2,YBN,25
2,YBN,26
10,YBN,27
2,YBN,28
17,YBN,29
17,YBN,30
3,YBN,31
21,YBN,32
89,PAE,1
90,PAE,2
92,PAE,3
87,PAE,4
97,PAE,5
87,PAE,6
88,PAE,7
91,PAE,8
98,PAE,9
88,PAE,10
103,PAE,11
90,PAE,12
92,PAE,13
102,PAE,14
97,PAE,15
102,PAE,16
100,PAE,17
89,PAE,18
86,PAE,19
89,PAE,20
94,PAE,21
98,PAE,22
91,PAE,23
94,PAE,24
102,PAE,25
91,PAE,26
93,PAE,27
93,PAE,28
102,PAE,29
88,PAE,30
96,PAE,31
97,PAE,32
111,OEMD,1
106,OEMD,2
113,OEMD,3
111,OEMD,4
112,OEMD,5
111,OEMD,6
105,OEMD,7
109,OEMD,8
111,OEMD,9
108,OEMD,10
107,OEMD,11
112,OEMD,12
113,OEMD,13
109,OEMD,14
111,OEMD,15
111,OEMD,16
108,OEMD,17
111,OEMD,18
110,OEMD,19
106,OEMD,20
104,OEMD,21
108,OEMD,22
104,OEMD,23
108,OEMD,24
110,OEMD,25
105,OEMD,26
109,OEMD,27
112,OEMD,28
108,OEMD,29
110,OEMD,30
104,OEMD,31
104,OEMD,32
66,LEDC,1
83,LEDC,2
79,LEDC,3
74,LEDC,4
67,LEDC,5
58,LEDC,6
72,LEDC,7
80,LEDC,8
60,LEDC,9
77,LEDC,10
65,LEDC,11
63,LEDC,12
61,LEDC,13
79,LEDC,14
53,LEDC,15
78,LEDC,16
73,LEDC,17
65,LEDC,18
83,LEDC,19
67,LEDC,20
75,LEDC,21
65,LEDC,22
77,LEDC,23
79,LEDC,24
60,LEDC,25
74,LEDC,26
68,LEDC,27
64,LEDC,28
58,LEDC,29
74,LEDC,30
71,LEDC,31
78,LEDC,32
84,LEDC,33
73,LEDC,34
53,LEDC,35
61,LEDC,36
70,LEDC,37
57,LEDC,38
72,LEDC,39
54,LEDC,40
79,LEDC,41
69,LEDC,42
53,LEDC,43
84,LEDC,44
77,LEDC,45
55,LEDC,46
68,LEDC,47
70,LEDC,48
62,LEDC,49
71,LEDC,50
83,LEDC,51
60,LEDC,52
61,LEDC,53
75,LEDC,54
85,LEDC,55
74,LEDC,56
80,LEDC,57
81,LEDC,58
53,LEDC,59
76,LEDC,60
84,LEDC,61
59,LEDC,62
64,LEDC,63
76,LEDC,64
76,BWLR,1
62,BWLR,2
60,BWLR,3
81,BWLR,4
85,BWLR,5
65,BWLR,6
67,BWLR,7
54,BWLR,8
73,BWLR,9
60,BWLR,10
59,BWLR,11
62,BWLR,12
80,BWLR,13
81,BWLR,14
85,BWLR,15
73,BWLR,16
68,BWLR,17
62,BWLR,18
82,BWLR,19
82,BWLR,20
58,BWLR,21
84,BWLR,22
63,BWLR,23
82,BWLR,24
93,JLT,1
90,JLT,2
88,JLT,3
102,JLT,4
100,JLT,5
91,JLT,6
91,JLT,7
86,JLT,8
100,JLT,9
91,JLT,10
89,JLT,11
94,JLT,12
89,JLT,13
90,JLT,14
102,JLT,15
95,JLT,16
90,JLT,17
93,JLT,18
102,JLT,19
90,JLT,20
89,JLT,21
90,JLT,22
88,JLT,23
87,JLT,24
109,ETNF,1
108,ETNF,2
113,ETNF,3
105,ETNF,4
108,ETNF,5
112,ETNF,6
112,ETNF,7
108,ETNF,8
110,ETNF,9
104,ETNF,10
110,ETNF,11
104,ETNF,12
111,ETNF,13
112,ETNF,14
108,ETNF,15
109,ETNF,16
104,ETNF,17
109,ETNF,18
108,ETNF,19
108,ETNF,20
104,ETNF,21
108,ETNF,22
112,ETNF,23
105,ETNF,24
105,ETNF,25
107,ETNF,26
110,ETNF,27
110,ETNF,28
104,ETNF,29
104,ETNF,30
111,ETNF,31
109,ETNF,32
106,ETNF,33
112,ETNF,34
110,ETNF,35
106,ETNF,36
109,ETNF,37
104,ETNF,38
107,ETNF,39
110,ETNF,40
106,ETNF,41
111,ETNF,42
107,ETNF,43
113,ETNF,44
105,ETNF,45
113,ETNF,46
108,ETNF,47
104,ETNF,48
109,ETNF,49
104,ETNF,50
110,ETNF,51
104,ETNF,52
108,ETNF,53
111,ETNF,54
105,ETNF,55
109,ETNF,56
112,ETNF,57
112,ETNF,58
105,ETNF,59
111,ETNF,60
109,ETNF,61
105,ETNF,62
104,ETNF,63
105,ETNF,64
17,EVQ,1
1,EVQ,2
5,EVQ,3
23,EVQ,4
10,EVQ,5
10,EVQ,6
21,EVQ,7
13,EVQ,8
10,EVQ,9
24,EVQ,10
13,EVQ,11
14,EVQ,12
8,EVQ,13
7,EVQ,14
27,EVQ,15
2,EVQ,16
12,EVQ,17
24,EVQ,18
11,EVQ,19
16,EVQ,20
1,EVQ,21
23,EVQ,22
3,EVQ,23
28,EVQ,24
36,OSU,1
37,OSU,2
33,OSU,3
35,OSU,4
31,OSU,5
38,OSU,6
35,OSU,7
29,OSU,8
32,OSU,9
34,OSU,10
33,OSU,11
37,OSU,12
31,OSU,13
37,OSU,14
30,OSU,15
34,OSU,16
33,OSU,17
38,OSU,18
34,OSU,19
37,OSU,20
34,OSU,21
34,OSU,22
36,OSU,23
29,OSU,24
113,HYIV,1
113,HYIV,2
104,HYIV,3
108,HYIV,4
104,HYIV,5
109,HYIV,6
104,HYIV,7
104,HYIV,8
106,HYIV,9
110,HYIV,10
112,HYIV,11
107,HYIV,12
108,HYIV,13
104,HYIV,14
111,HYIV,15
108,HYIV,16
104,HYIV,17
104,HYIV,18
112,HYIV,19
111,HYIV,20
107,HYIV,21
104,HYIV,22
106,HYIV,23
108,HYIV,24
113,HYIV,25
112,HYIV,26
105,HYIV,27
107,HYIV,28
110,HYIV,29
112,HYIV,30
104,HYIV,31
104,HYIV,32
107,HYIV,33
110,HYIV,34
105,HYIV,35
111,HYIV,36
109,HYIV,37
106,HYIV,38
104,HYIV,39
112,HYIV,40
113,HYIV,41
108,HYIV,42
106,HYIV,43
105,HYIV,44
108,HYIV,45
110,HYIV,46
112,HYIV,47
104,HYIV,48
108,HYIV,49
109,HYIV,50
110,HYIV,51
111,HYIV,52
105,HYIV,53
110,HYIV,54
108,HYIV,55
111,HYIV,56
110,HYIV,57
107,HYIV,58
107,HYIV,59
107,HYIV,60
113,HYIV,61
107,HYIV,62
106,HYIV,63
105,HYIV,64
16,JLFP,1
2,JLFP,2
12,JLFP,3
16,JLFP,4
26,JLFP,5
26,JLFP,6
7,JLFP,7
20,JLFP,8
10,JLFP,9
18,JLFP,10
4,JLFP,11
3,JLFP,12
21,JLFP,13
11,JLFP,14
25,JLFP,15
16,JLFP,16
18,JLFP,17
12,JLFP,18
14,JLFP,19
5,JLFP,20
12,JLFP,21
19,JLFP,22
18,JLFP,23
13,JLFP,24
7,JLFP,25
2,JLFP,26
16,JLFP,27
2,JLFP,28
18,JLFP,29
23,JLFP,30
12,JLFP,31
15,JLFP,32
118,ZOSG,1
117,ZOSG,2
118,ZOSG,3
114,ZOSG,4
114,ZOSG,5
115,ZOSG,6
117,ZOSG,7
117,ZOSG,8
115,ZOSG,9
115,ZOSG,10
116,ZOSG,11
117,ZOSG,12
118,ZOSG,13
118,ZOSG,14
118,ZOSG,15
114,ZOSG,16
117,ZOSG,17
115,ZOSG,18
117,ZOSG,19
114,ZOSG,20
117,ZOSG,21
116,ZOSG,22
115,ZOSG,23
115,ZOSG,24
118,ZOSG,25
115,ZOSG,26
117,ZOSG,27
115,ZOSG,28
117,ZOSG,29
118,ZOSG,30
118,ZOSG,31
117,ZOSG,32
118,ZOSG,33
114,ZOSG,34
114,ZOSG,35
114,ZOSG,36
118,ZOSG,37
115,ZOSG,38
116,ZOSG,39
117,ZOSG,40
117,ZOSG,41
118,ZOSG,42
116,ZOSG,43
116,ZOSG,44
118,ZOSG,45
118,ZOSG,46
118,ZOSG,47
116,ZOSG,48
115,ZOSG,49
117,ZOSG,50
118,ZOSG,51
116,ZOSG,52
118,ZOSG,53
114,ZOSG,54
116,ZOSG,55
115,ZOSG,56
115,ZOSG,57
116,ZOSG,58
114,ZOSG,59
118,ZOSG,60
114,ZOSG,61
118,ZOSG,62
114,ZOSG,63
115,ZOSG,64
125,DWA,1
119,DWA,2
122,DWA,3
126,DWA,4
121,DWA,5
123,DWA,6
119,DWA,7
119,DWA,8
125,DWA,9
126,DWA,10
127,DWA,11
127,DWA,12
127,DWA,13
127,DWA,14
122,DWA,15
123,DWA,16
113,LRXW,1
110,LRXW,2
113,LRXW,3
105,LRXW,4
105,LRXW,5
112,LRXW,6
107,LRXW,7
105,LRXW,8
111,LRXW,9
109,LRXW,10
110,LRXW,11
110,LRXW,12
112,LRXW,13
105,LRXW,14
112,LRXW,15
107,LRXW,16
105,LRXW,17
113,LRXW,18
110,LRXW,19
112,LRXW,20
112,LRXW,21
109,LRXW,22
111,LRXW,23
108,LRXW,24
113,LRXW,25
110,LRXW,26
109,LRXW,27
105,LRXW,28
104,LRXW,29
110,LRXW,30
107,LRXW,31
113,LRXW,32
116,KGY,1
115,KGY,2
117,KGY,3
118,KGY,4
117,KGY,5
114,KGY,6
117,KGY,7
116,KGY,8
115,KGY,9
117,KGY,10
118,KGY,11
115,KGY,12
117,KGY,13
117,KGY,14
118,KGY,15
117,KGY,16
118,KGY,17
117,KGY,18
41,SPZL,1
49,SPZL,2
45,SPZL,3
50,SPZL,4
42,SPZL,5
47,SPZL,6
43,SPZL,7
50,SPZL,8
40,SPZL,9
48,SPZL,10
43,SPZL,11
47,SPZL,12
44,SPZL,13
43,SPZL,14
42,SPZL,15
40,SPZL,16
62,YVUTB,1
77,YVUTB,2
67,YVUTB,3
68,YVUTB,4
60,YVUTB,5
68,YVUTB,6
68,YVUTB,7
68,YVUTB,8
65,YVUTB,9
58,YVUTB,10
57,YVUTB,11
81,YVUTB,12
71,YVUTB,13
57,YVUTB,14
67,YVUTB,15
85,YVUTB,16
83,YVUTB,17
67,YVUTB,18
76,WLYM,1
60,WLYM,2
59,WLYM,3
53,WLYM,4
83,WLYM,5
69,WLYM,6
58,WLYM,7
56,WLYM,8
82,WLYM,9
72,WLYM,10
77,WLYM,11
73,WLYM,12
79,WLYM,13
70,WLYM,14
53,WLYM,15
76,WLYM,16
58,WLYM,17
77,WLYM,18
78,WLYM,19
70,WLYM,20
57,WLYM,21
66,WLYM,22
72,WLYM,23
78,WLYM,24
72,WLYM,25
65,WLYM,26
83,WLYM,27
56,WLYM,28
80,WLYM,29
81,WLYM,30
73,WLYM,31
76,WLYM,32
20,GYBCZ,1
12,GYBCZ,2
19,GYBCZ,3
9,GYBCZ,4
18,GYBCZ,5
17,GYBCZ,6
7,GYBCZ,7
17,GYBCZ,8
24,GYBCZ,9
21,GYBCZ,10
23,GYBCZ,11
18,GYBCZ,12
24,GYBCZ,13
20,GYBCZ,14
28,GYBCZ,15
19,GYBCZ,16
24,GYBCZ,17
4,GYBCZ,18
25,GYBCZ,19
15,GYBCZ,20
4,GYBCZ,21
18,GYBCZ,22
4,GYBCZ,23
4,GYBCZ,24
101,VGJ,1
88,VGJ,2
99,VGJ,3
100,VGJ,4
101,VGJ,5
96,VGJ,6
95,VGJ,7
103,VGJ,8
93,VGJ,9
95,VGJ,10
89,VGJ,11
99,VGJ,12
102,VGJ,13
103,VGJ,14
103,VGJ,15
92,VGJ,16
51,WZVDX,1
50,WZVDX,2
49,WZVDX,3
47,WZVDX,4
40,WZVDX,5
51,WZVDX,6
50,WZVDX,7
41,WZVDX,8
39,WZVDX,9
48,WZVDX,10
45,WZVDX,11
42,WZVDX,12
44,WZVDX,13
44,WZVDX,14
46,WZVDX,15
48,WZVDX,16
29,VDRGL,1
36,VDRGL,2
33,VDRGL,3
32,VDRGL,4
34,VDRGL,5
31,VDRGL,6
34,VDRGL,7
31,VDRGL,8
37,VDRGL,9
30,VDRGL,10
38,VDRGL,11
37,VDRGL,12
29,VDRGL,13
35,VDRGL,14
34,VDRGL,15
34,VDRGL,16
34,VDRGL,17
36,VDRGL,18
30,VDRGL,19
37,VDRGL,20
30,VDRGL,21
33,VDRGL,22
36,VDRGL,23
29,VDRGL,24
31,VDRGL,25
35,VDRGL,26
33,VDRGL,27
32,VDRGL,28
34,VDRGL,29
36,VDRGL,30
34,VDRGL,31
30,VDRGL,32
33,VDRGL,33
29,VDRGL,34
29,VDRGL,35
38,VDRGL,36
38,VDRGL,37
35,VDRGL,38
35,VDRGL,39
35,VDRGL,40
32,VDRGL,41
33,VDRGL,42
34,VDRGL,43
30,VDRGL,44
29,VDRGL,45
35,VDRGL,46
35,VDRGL,47
34,VDRGL,48
29,VDRGL,49
36,VDRGL,50
30,VDRGL,51
33,VDRGL,52
35,VDRGL,53
29,VDRGL,54
34,VDRGL,55
33,VDRGL,56
30,VDRGL,57
36,VDRGL,58
30,VDRGL,59
29,VDRGL,60
34,VDRGL,61
32,VDRGL,62
32,VDRGL,63
36,VDRGL,64
89,JVYD,1
89,JVYD,2
90,JVYD,3
102,JVYD,4
92,JVYD,5
103,JVYD,6
96,JVYD,7
98,JVYD,8
94,JVYD,9
102,JVYD,10
101,JVYD,11
100,JVYD,12
95,JVYD,13
96,JVYD,14
102,JVYD,15
87,JVYD,16
99,JVYD,17
101,JVYD,18
97,YMDBL,1
99,YMDBL,2
92,YMDBL,3
102,YMDBL,4
95,YMDBL,5
98,YMDBL,6
88,YMDBL,7
100,YMDBL,8
102,YMDBL,9
95,YMDBL,10
88,YMDBL,11
103,YMDBL,12
97,YMDBL,13
92,YMDBL,14
98,YMDBL,15
90,YMDBL,16
91,YMDBL,17
93,YMDBL,18
98,YMDBL,19
86,YMDBL,20
90,YMDBL,21
103,YMDBL,22
98,YMDBL,23
96,YMDBL,24
91,YMDBL,25
100,YMDBL,26
92,YMDBL,27
103,YMDBL,28
100,YMDBL,29
94,YMDBL,30
90,YMDBL,31
95,YMDBL,32
87,YMDBL,33
89,YMDBL,34
90,YMDBL,35
103,YMDBL,36
91,YMDBL,37
91,YMDBL,38
97,YMDBL,39
88,YMDBL,40
96,YMDBL,41
99,YMDBL,42
91,YMDBL,43
93,YMDBL,44
94,YMDBL,45
88,YMDBL,46
100,YMDBL,47
93,YMDBL,48
100,YMDBL,49
96,YMDBL,50
90,YMDBL,51
92,YMDBL,52
100,YMDBL,53
86,YMDBL,54
87,YMDBL,55
102,YMDBL,56
98,YMDBL,57
86,YMDBL,58
93,YMDBL,59
100,YMDBL,60
89,YMDBL,61
87,YMDBL,62
88,YMDBL,63
98,YMDBL,64
68,AMIF,1
62,AMIF,2
75,AMIF,3
81,AMIF,4
80,AMIF,5
63,AMIF,6
70,AMIF,7
82,AMIF,8
75,AMIF,9
82,AMIF,10
68,AMIF,11
53,AMIF,12
82,AMIF,13
65,AMIF,14
65,AMIF,15
66,AMIF,16
53,NHXDM,1
76,NHXDM,2
70,NHXDM,3
81,NHXDM,4
84,NHXDM,5
60,NHXDM,6
80,NHXDM,7
82,NHXDM,8
67,NHXDM,9
67,NHXDM,10
70,NHXDM,11
68,NHXDM,12
67,NHXDM,13
82,NHXDM,14
64,NHXDM,15
74,NHXDM,16
65,NHXDM,17
70,NHXDM,18
63,NHXDM,19
70,NHXDM,20
85,NHXDM,21
65,NHXDM,22
60,NHXDM,23
64,NHXDM,24
71,NHXDM,25
71,NHXDM,26
84,NHXDM,27
55,NHXDM,28
60,NHXDM,29
67,NHXDM,30
60,NHXDM,31
85,NHXDM,32
82,NHXDM,33
54,NHXDM,34
62,NHXDM,35
74,NHXDM,36
78,NHXDM,37
65,NHXDM,38
81,NHXDM,39
60,NHXDM,40
73,NHXDM,41
80,NHXDM,42
85,NHXDM,43
74,NHXDM,44
59,NHXDM,45
75,NHXDM,46
82,NHXDM,47
80,NHXDM,48
67,NHXDM,49
78,NHXDM,50
57,NHXDM,51
77,NHXDM,52
85,NHXDM,53
80,NHXDM,54
83,NHXDM,55
74,NHXDM,56
68,NHXDM,57
62,NHXDM,58
61,NHXDM,59
64,NHXDM,60
63,NHXDM,61
62,NHXDM,62
57,NHXDM,63
58,NHXDM,64
93,JRAXP,1
89,JRAXP,2
87,JRAXP,3
94,JRAXP,4
89,JRAXP,5
103,JRAXP,6
99,JRAXP,7
94,JRAXP,8
88,JRAXP,9
92,JRAXP,10
100,JRAXP,11
100,JRAXP,12
91,JRAXP,13
93,JRAXP,14
97,JRAXP,15
98,JRAXP,16
87,JRAXP,17
100,JRAXP,18
3,DTRQ,1
21,DTRQ,2
18,DTRQ,3
23,DTRQ,4
7,DTRQ,5
17,DTRQ,6
28,DTRQ,7
2,DTRQ,8
4,DTRQ,9
3,DTRQ,10
23,DTRQ,11
27,DTRQ,12
15,DTRQ,13
15,DTRQ,14
28,DTRQ,15
25,DTRQ,16
25,DTRQ,17
3,DTRQ,18
1,DTRQ,19
23,DTRQ,20
5,DTRQ,21
4,DTRQ,22
25,DTRQ,23
2,DTRQ,24
11,MZN,1
12,MZN,2
13,MZN,3
14,MZN,4
12,MZN,5
9,MZN,6
20,MZN,7
7,MZN,8
12,MZN,9
10,MZN,10
8,MZN,11
27,MZN,12
10,MZN,13
6,MZN,14
11,MZN,15
28,MZN,16
36,JQAEI,1
32,JQAEI,2
30,JQAEI,3
33,JQAEI,4
33,JQAEI,5
30,JQAEI,6
32,JQAEI,7
30,JQAEI,8
33,JQAEI,9
31,JQAEI,10
36,JQAEI,11
36,JQAEI,12
35,JQAEI,13
34,JQAEI,14
34,JQAEI,15
33,JQAEI,16
31,JQAEI,17
38,JQAEI,18
30,JQAEI,19
31,JQAEI,20
30,JQAEI,21
32,JQAEI,22
36,JQAEI,23
38,JQAEI,24
29,JQAEI,25
33,JQAEI,26
29,JQAEI,27
38,JQAEI,28
36,JQAEI,29
30,JQAEI,30
34,JQAEI,31
33,JQAEI,32
32,UTFEI,1
30,UTFEI,2
36,UTFEI,3
34,UTFEI,4
37,UTFEI,5
30,UTFEI,6
38,UTFEI,7
34,UTFEI,8
34,UTFEI,9
34,UTFEI,10
35,UTFEI,11
33,UTFEI,12
33,UTFEI,13
34,UTFEI,14
31,UTFEI,15
36,UTFEI,16
31,UTFEI,17
34,UTFEI,18
